category,title,link,content,author,date
Tech,TikTok sues to block US law that could ban app,https://fingaz.co.zw/tiktok-sues-to-block-us-law-that-could-ban-app/,TikTok has filed a lawsuit aiming to block a US law that would ban the video app in…,,
Tech,Facebook ‘did nothing about Taylor Swift ticket hack scam’,https://fingaz.co.zw/facebook-did-nothing-about-taylor-swift-ticket-hack-scam/,Facebook users whose accounts were hacked and hijacked to sell fake Taylor Swift tickets have criticised the platform…,,
Tech,Diss electric car charging plans due to be turned down,https://fingaz.co.zw/diss-electric-car-charging-plans-due-to-be-turned-down/,Plans for a new electric car charging station are expected to be turned down by councillors.…,,
Tech,Tech firms face tougher online age checks – Ofcom,https://fingaz.co.zw/tech-firms-face-tougher-online-age-checks-ofcom/,Ofcom has warned social media sites they could be banned for under-18s if they fail to comply with…,,
Tech,Tens of millions secretly use WhatsApp despite bans,https://fingaz.co.zw/tens-of-millions-secretly-use-whatsapp-despite-bans/,“Tens of millions” of people are using technical workarounds to secretly access WhatsApp in countries where it is…,,
Tech,Amazon Prime ads help tech giant drive profits,https://fingaz.co.zw/amazon-prime-ads-help-tech-giant-drive-profits/,Adverts shown during Amazon Prime shows and films have helped the tech giant to beat forecasts for sales…,,
Tech,Meta faces EU probe over Russian disinformation,https://fingaz.co.zw/meta-faces-eu-probe-over-russian-disinformation/,"The European Commission has opened formal investigation proceedings into Meta over its handling of political content, including a…",,
Tech,Binance crypto boss Changpeng Zhao sentenced to 4 months in prison,https://fingaz.co.zw/binance-crypto-boss-changpeng-zhao-sentenced-to-4-months-in-prison/,The founder of the world’s largest crypto exchange has been sentenced to four months in prison in the…,,
Tech,Tesla brings forward new models as profits slump,https://fingaz.co.zw/tesla-brings-forward-new-models-as-profits-slump/,"Tesla has seen its profits more than halve this year, and says it will bring forward the launch…",,
Tech,Essex University’s AI brain study brings ‘hope’ to childhood trauma survivors,https://fingaz.co.zw/essex-universitys-ai-brain-study-brings-hope-to-childhood-trauma-survivors/,The world’s largest study into how childhood trauma affects the brain has offered new hope to survivors.…,,
Companies & Markets,CBZ grow loans and advances by 145 percent …as insurance business woes persist,https://fingaz.co.zw/cbz-grow-loans-and-advances-by-145-percent-as-insurance-business-woes-persist/,THE Zimbabwe Stock Exchange (ZSE) recorded a significant surge in both its top and bottom lines in the…,,
Companies & Markets,"ZSE posts $6,83 billion profit, declares blended dividend",https://fingaz.co.zw/zse-posts-683-billion-profit-declares-blended-dividend/,By Prisca Tshuma Staff writer AFRICAN Sun says it will continue pursuing its prudent cash deployment strategy with…,,
Companies & Markets,African Sun ups capex on hotels upgrade,https://fingaz.co.zw/african-sun-ups-capex-on-hotels-upgrade/,"CONVEYOR belts supplier, General Beltings Holdings says it wants to focus on consolidating market share in energy and…",,
Lifestyle,Tech firms told to hide ‘toxic’ content from children,https://fingaz.co.zw/tech-firms-told-to-hide-toxic-content-from-children/,Ofcom has warned social media sites they could be named and shamed – and banned for under-18s –…,,
Lifestyle,‘AI can help people keep physical jobs for longer’,https://fingaz.co.zw/ai-can-help-people-keep-physical-jobs-for-longer/,The debate about the impact of artificial intelligence (AI) on jobs is growing. The Institute of Public Policy Research (IPPR)…,,
Lifestyle,What is the Online Safety Act and how can you keep children safe online?,https://fingaz.co.zw/what-is-the-online-safety-act-and-how-can-you-keep-children-safe-online/,"Technology companies will have to take more action to keep children safe on the internet, following the introduction…",,
Lifestyle,Miss USA Noelia Voigt resigns title on mental health grounds,https://fingaz.co.zw/miss-usa-noelia-voigt-resigns-title-on-mental-health-grounds/,"Reigning Miss USA Noelia Voigt has resigned her title, citing mental health reasons.…",,
Lifestyle,Drake denies allegations of underage relationships in Kendrick Lamar song,https://fingaz.co.zw/drake-denies-allegations-of-underage-relationships-in-kendrick-lamar-song/,"Drake has denied allegations of having relationships with underage women, and of harbouring a secret love child, which…",,
Lifestyle,How AI is testing the boundaries of human intelligence,https://fingaz.co.zw/how-ai-is-testing-the-boundaries-of-human-intelligence/,"Welcome to AI v the Mind, a new series from the BBC that will explore the limits of…",,
Lifestyle,"Kendrick Lamar escalates Drake feud on the scathing diss track, Euphoria",https://fingaz.co.zw/kendrick-lamar-escalates-drake-feud-on-the-scathing-diss-track-euphoria/,"Kendrick Lamar has released a diss track attacking fellow rap star Drake, escalating their long-running feud.…",,
Lifestyle,Zim teenager – Thomas Machingaidze – makes astronomical history,https://fingaz.co.zw/zim-teenager-thomas-machingaidze-makes-astronomical-history/,SIXTEEN-year-old Thomas Machingaidze (TM) made history last week when he became the first Zimbabwean to be accepted for…,,
Lifestyle,"Asthma: Action needed on needless deaths, says charity",https://fingaz.co.zw/asthma-action-needed-on-needless-deaths-says-charity/,"Urgent government action is needed to stop preventable asthma deaths, a leading charity has said.…",,
Lifestyle,Taylor Swift’s 1830s Lyrics Spark Backlash from African Americans,https://fingaz.co.zw/taylor-swifts-1830s-lyrics-spark-backlash-from-african-americans/,Taylor Swift has divided music lovers with a lyric on her new album that says she would like…,,
Sport,Is tennis catching doping cheats or ruining careers?,https://fingaz.co.zw/is-tennis-catching-doping-cheats-or-ruining-careers/,A SYSTEM designed to uncover cheats in tennis has come under sharpened scrutiny in the wake of former…,,
Sport,Maradona’s ‘stolen’ Golden Ball to be auctioned off,https://fingaz.co.zw/maradonas-stolen-golden-ball-to-be-auctioned-off/,"Diego Maradona’s “stolen” Golden Ball trophy, awarded for being named the best player at the 1986 World Cup,…",,
Sport,End of an era as Mbappe suffers final PSG failure,https://fingaz.co.zw/end-of-an-era-as-mbappe-suffers-final-psg-failure/,Kylian Mbappe would have dreamed of lifting the Champions League trophy for his final European act as a…,,
Sport,Murray set to return from injury at Geneva Open,https://fingaz.co.zw/murray-set-to-return-from-injury-at-geneva-open/,Andy Murray is set to return from injury at the Geneva Open this month.…,,
Sport,Why Gooch’s PGA invite is important for men’s golf,https://fingaz.co.zw/303319-2/,Talor Gooch’s invitation to play next week’s US PGA Championship at Valhalla is a significant step because it…,,
Sport,‘Norris win a popular one as end-of-empire feeling swirls around Red Bull’,https://fingaz.co.zw/norris-win-a-popular-one-as-end-of-empire-feeling-swirls-around-red-bull/,Lando Norris had not even taken his helmet off after securing his maiden Formula 1 victory at the…,,
Sport,Van Dijk wants to be part of Liverpool transition,https://fingaz.co.zw/van-dijk-wants-to-be-part-of-liverpool-transition/,Captain Virgil van Dijk says he “loves” Liverpool and wants to be part of the club’s transition after…,,
Sport,‘Under performing’ Man Utd ‘one of worst coached teams in league’,https://fingaz.co.zw/under-performing-man-utd-one-of-worst-coached-teams-in-league/,"Just when you think things can’t get any worse for Manchester United, they do.…",,
Sport,Nadal falls to Lehecka in final Madrid Open match,https://fingaz.co.zw/nadal-falls-to-lehecka-in-final-madrid-open-match/,Rafael Nadal says it has been a “very emotional” week after he made his last-ever appearance at the…,,
Sport,Red Bull confirm exit of design chief Newey,https://fingaz.co.zw/red-bull-confirm-exit-of-design-chief-newey/,Red Bull have confirmed their design chief Adrian Newey will leave the team in early 2025.…,,
Business,"
                     Industry minister engages businesses over ZiG
                    ",https://www.newsday.co.zw/business/article/200026633/industry-minister-engages-businesses-over-zig,"
                He toured a US$5,6 million pasta manufacturing plant and a US$7,7 million biscuit making line.
              ",,
Business,"
                     Invictus identifies multiple gas potentials
                    ",https://www.newsday.co.zw/author/5236/tatira-zwinoira,"
                The reservoir rock, according to experts, is the porous, permeable rock layer that hold the oil and gas.
              ",,
Business,"
                     General Beltings seeks to consolidate market position
                    ",https://www.newsday.co.zw/author/6312/blessed-ndlovu,"
                Due to geopolitical tensions, mineral reserves will flood the markets and depress demand for minerals that Zimbabwe would ordinarily supply.
              ",,
Business,"
                     London firm targets bulk-mining in Zim
                    ",https://www.newsday.co.zw/business/article/200026603/invictus-identifies-multiple-gas-potentials,"
                This is expected to enable it to test the potential for a bulk mineable gold deposit across the entire shear zone at both prospects.
              ",,
Business,"
                     WestProp plots mega capital raise
                    ",https://www.newsday.co.zw/author/5245/mthandazo-nyoni,"
                He said the lesson learnt from last year was that WestProp was supposed to do a book building exercise to whet the market’s appetite about the IPO.
              ",,
Business,"
                     Econet says it wants to make all remittances into Zimbabwe free
                    ",https://www.newsday.co.zw/business/article/200026600/general-beltings-seeks-to-consolidate-market-position,"
                Econet’s group chief executive, Douglas Mboweni, said the initiative would remain in place for some time
              ",,
Business,"
                     We’ll soar like an eagle: Zimre
                    ",https://www.newsday.co.zw/author/5226/melody-chikono,"
                The group’s healthy balance sheet position is evidence of its resilience and commitment to provide its stakeholders with security, growth and profitability.
              ",,
Business,"
                     Fidelity profit rises by 1 000%
                    ",https://www.newsday.co.zw/business/article/200026599/london-firm-targets-bulk-mining-in-zim,"
                In terms of assets, these were valued at ZWL$483,77 billion, up nearly 79% from the 2022 comparative, driven by investment properties.
              ",,
Business,"
                     Govt introduces fresh tax to keep forex inland
                    ",https://www.newsday.co.zw/author/5226/melody-chikono,"
                Ncube also introduced new charges for withdrawing ZiG and on local currency transactions.
              ",,
Business,"
                     The Top 5 Container Shipping Companies In The World
                    ",https://www.newsday.co.zw/business/article/200026602/westprop-plots-mega-capital-raise,"
                Container shipping is at the core of the global economy, with this industry
              ",,
Business,"
                     ZCTU mourns over low wages
                    ",https://www.newsday.co.zw/author/5365/business-reporter,"
                The letter indicated that any failure on the part of the employment council to comply with those requirements constitutes justifiable grounds for the registrar to cancel a certificate.
              ",,
Business,"
                     ‘Entrepreneurs need to enter into alliances’
                    ",https://www.newsday.co.zw/business/article/200026610/econet-says-it-wants-to-make-all-remittances-into-zimbabwe-free,"
                Tsokodayi also said entrepreneurs should see micro-finance institutions as partners rather than loan sharks.
              ",,
Business,"
                     CBZ to monitor risks to protect 330% profit
                    ",https://www.newsday.co.zw/author/5200/donald-nyandoro,"
                Increased lending and financial securities helped grow CBZ’s total assets to ZWL8,25 trillion at the end of last year, an increase of nearly 80% from 2022.
              ",,
Business,"
                     African Sun flush with cash for capital investments
                    ",https://www.newsday.co.zw/business/article/200026566/well-soar-like-an-eagle-zimre,"
                The commitment comes after the firm increased its capital commitments last year to US$11,01 million, up 20,22% on the 2022 figures.
              ",,
Business,"
                     Watch ZiG closely: Fews Net
                    ",https://www.newsday.co.zw/author/5245/mthandazo-nyoni,"
                Last month saw the introduction of the ZiG, replacing the battered Zimdollar that had experienced a sharp depreciation.
              ",,
Business,"
                     WestProp unveils US$300m mixed-use estate in urban renewal push
                    ",https://www.newsday.co.zw/business/article/200026573/fidelity-profit-rises-by-1-000,"
                WestProp roped in renowned golf course designer Peter Matkovich and top  architect Joan Balagué Capdet to the project.
              ",,
Business,"
                     RTG Abridged financial results year ended 31 Decemeber  2023
                    ",https://www.newsday.co.zw/author/6310/belinda-chiroodza,"
                rgt consolidated financials
              ",,
Business,"
                     Zim to achieve zero tariffs by 2035
                    ",https://www.newsday.co.zw/business/article/200026572/govt-introduces-fresh-tax-to-keep-forex-inland,"
                Zimbabwe’s tariff liberalisation schedule has 6 606 total tariff lines, which have been categorised as categories A, B, and C.
              ",,
Business,"
                     Zimplats spends US$789 million on projects
                    ",https://www.newsday.co.zw/author/6352/tafadzwa-mhlanga,"
                6E metal in final product improved by 12% year-on-year and was 1% higher than the prior quarter.
              ",,
Business,"
                     Econet in a remittance first for Zimbabwe
                    ",https://www.newsday.co.zw/business/article/200026629/the-top-5-container-shipping-companies-in-the-world,"
                Econet has partnered with its sister company, Sasai Money Transfer
              ",,
Business,"
                     Risk management and insurance club launched at GZU
                    ",https://www.newsday.co.zw/author/5184/newsday,"
                The club members will have access to the trending issues in the industry, which could help them to formulate their research topics and produce dissertations.
              ",,
Business,"
                     A third of Zim’s industry ready for AfCFTA: CZI
                    ",https://www.newsday.co.zw/business/article/200026540/zctu-mourns-over-low-wages,"
                He said that companies noted that the cost of production was higher in Zimbabwe compared to other countries making local firms uncompetitive.
              ",,
Business,"
                     Kuvimba CEO steps down
                    ",https://www.newsday.co.zw/author/6312/blessed-ndlovu,"
                Chinyemba had plans to list the company on the Victoria Falls Stock Exchange.
              ",,
Business,"
                     Metbank eyes more forex loans to drive profitability
                    ",https://www.newsday.co.zw/business/article/200026539/entrepreneurs-need-to-enter-into-alliances,"
                A monetary gain and fair value adjustment were the main drivers of profit after tax.
              ",,
Business,"
                     Zimplow completes Barzem acquisition
                    ",https://www.newsday.co.zw/author/6352/tafadzwa-mhlanga,"
                Zimplow said TPS has created a footprint in the supply of filtration, lubricants and mining ground engaging tools as well as securing service level agreements with key operators.
              ",,
Business,"
                     Botswana eyes investment opportunities in Zim
                    ",https://www.newsday.co.zw/business/article/200026541/cbz-to-monitor-risks-to-protect-330-profit,"
                ZimTrade and BITC signed a memorandum of understanding in 2018 to facilitate collaboration and cooperation between the two organisations.
              ",,
Opinion & Analysis,"
                     The whimsical world of work-life balance
                    ",https://www.newsday.co.zw/opinion-analysis/article/200026740/the-whimsical-world-of-work-life-balance,"
                Let’s ponder the term “work-life balance” for a moment.
              ",,
Opinion & Analysis,"
                     PVO Bill poisoned chalice.
                    ",https://www.newsday.co.zw/author/6122/kumbirai-thierry-nhamo,"
                It is imperative that individuals and organizations come out in large numbers to the Public Hearings for the PVO Bill and voice their opposition to the proposed amendments. 
              ",,
Opinion & Analysis,"
                     Africa’s role in delivering a new health win
                    ",https://www.newsday.co.zw/opinion-analysis/article/200026731/pvo-bill-poisoned-chalice,"
                Immunisation is one of our most successful and cost-effective public health interventions.
              ",,
Opinion & Analysis,"
                     ED must innovate to create a new economy
                    ",https://www.newsday.co.zw/author/6450/simbarashe-jingo,"
                In this suffering some want the status quo to remain and they are in their millions.
              ",,
Opinion & Analysis,"
                     Let’s build a strong AI adoption framework
                    ",https://www.newsday.co.zw/opinion-analysis/article/200026662/africas-role-in-delivering-a-new-health-win,"
                AI has emerged as a new battleground for international competition, with nations recognising its potential to drive economic prosperity and national security.
              ",,
Opinion & Analysis,"
                     10 things that will transform Zim
                    ",https://www.newsday.co.zw/author/6748/etleva-kadilli,"
                No magic wand, no quick fix, let alone an individual will transform Zimbabwe. Nation building is heavy lifting, multifaceted, time consuming and needs all hands on deck.
              ",,
Opinion & Analysis,"
                     Benefits of integrating food systems with education
                    ",https://www.newsday.co.zw/author/6749/christopher-j-elias,"
                Knowledge around appropriate food preservation technologies can be embedded at industrial parks occupied by the young generation who are attached to colleges and universities.
              ",,
Opinion & Analysis,"
                     ZiG is yet another infernal nuisance
                    ",https://www.newsday.co.zw/opinion-analysis/article/200026670/ed-must-innovate-to-create-a-new-economy,"
                There is a cost to a government in the hands of a ruling elite of low reputation. It cannot evade censure for attaining power illegitimately and for not being respectful of human rights.
              ",,
Opinion & Analysis,"
                     Gummies vs. flower vs. concentrates: The difference between THCA products
                    ",https://www.newsday.co.zw/author/5652/brian-sedze,"
                The THCA flower consists of the dried buds that contain THCA alongside other cannabinoids and terpenes. 
              ",,
Opinion & Analysis,"
                     Effective communication: An invaluable problem solving tool
                    ",https://www.newsday.co.zw/opinion-analysis/article/200026637/lets-build-a-strong-ai-adoption-framework,"
                Effective communication is not just about being able to talk, but also about being able to express your thoughts and ideas with clarity and charisma.
              ",,
Opinion & Analysis,"
                     Zimbabwe can’t develop on the back of slave labour
                    ",https://www.newsday.co.zw/author/6747/darlington-chigumbu,"
                Are those Mnangagwa’s aspirations? Is this how Zimbabwe is expected to achieve Mnangagwa’s envisioned Vision 2030?
              ",,
Opinion & Analysis,"
                     Is latest global steady economic growth real?
                    ",https://www.newsday.co.zw/opinion-analysis/article/200026635/10-things-that-will-transform-zim,"
                It may also mean that global economies have found opportunities in some of the major wars with the economic benefits far outweighing the negative impacts
              ",,
Opinion & Analysis,"
                     World Press freedom in the face of green propaganda onslaught
                    ",https://www.newsday.co.zw/author/5516/trevor-ncube,"
                Environmental journalists and the journalism profession are at a crossroad, with the profession more dangerous than ever before.
              ",,
Opinion & Analysis,"
                     The language of success
                    ",https://www.newsday.co.zw/opinion-analysis/article/200026604/benefits-of-integrating-food-systems-with-education,"
                When we greet people, their most obvious response is “I am fine!” Stop and think. What does that really mean? Most people settle in that zone called fine. It is generally good.
              ",,
Opinion & Analysis,"
                     New and living way
                    ",https://www.newsday.co.zw/author/5299/charles-dhewa,"
                Complaining or murmuring is fertile ground for not realising the promises of God.
              ",,
Opinion & Analysis,"
                     Is Zim opposition still left-leaning?
                    ",https://www.newsday.co.zw/opinion-analysis/article/200026606/zig-is-yet-another-infernal-nuisance,"
                It was curious that the main opposition party did not give a solidarity statement at the May Day celebrations at Gwanzura Stadium in Highfield, Harare.
              ",,
Opinion & Analysis,"
                     Press Freedom and climate journalism: United in crisis
                    ",https://www.newsday.co.zw/author/6321/cyprian-muketiwa-ndawana,"
                Some journalists understandably believe they are targeted by Israeli forces.
              ",,
Opinion & Analysis,"
                     Winter wheat preps: What farmers should prioritise
                    ",https://www.newsday.co.zw/opinion-analysis/article/200026762/gummies-vs-flower-vs-concentrates-the-difference-between-thca-products,"
                As the current wild season is almost on its periphery, ahead of us is yet another exciting winter season for winter cropping to which participating farmers are currently gearing up.
              ",,
Opinion & Analysis,"
                     When the mind needs a helping hand: Exploring  the world of neuropsychology
                    ",https://www.newsday.co.zw/author/5184/newsday,"
                You might solve some puzzles, answer questions, or use blocks or computers for tasks that seem simple but reveal a lot about how your brain processes information.
              ",,
Opinion & Analysis,"
                     Zim’s moving coffins: The untold story of targets
                    ",https://www.newsday.co.zw/opinion-analysis/article/200026579/effective-communication-an-invaluable-problem-solving-tool,"
                According to the Traffic Safety Council of Zimbabwe (TSCZ), about 90% of road accidents are a result of human error.
              ",,
Opinion & Analysis,"
                     ZiG will stand or fall on public trust, nothing else
                    ",https://www.newsday.co.zw/author/6679/rutendo-kureya,"
                Also, the statutory instruments recently enacted to shield parastatals from public scrutiny undermine public trust in our financial governance.  
              ",,
Opinion & Analysis,"
                     The power of naming
                    ",https://www.newsday.co.zw/opinion-analysis/article/200026575/zimbabwe-cant-develop-on-the-back-of-slave-labour,"
                From the moment we are born, our names begin to shape our identities.
              ",,
Opinion & Analysis,"
                     African economies should use natural resources to shape career pathways
                    ",https://www.newsday.co.zw/author/5303/tendai-ruben-mbofana,"
                A lot could be learnt from African tradition that had its own ways of identifying talents, gifts and passions within children from a tender age.
              ",,
Opinion & Analysis,"
                     New dispensation is losing its marbles
                    ",https://www.newsday.co.zw/opinion-analysis/article/200026542/is-latest-global-steady-economic-growth-real,"
                A truly listening president ought have discerned the essence of the apprehension of citizenry on the introduction of ZiG. Granted, citizenry is distraught as it can sense a bad omen.
              ",,
Opinion & Analysis,"
                     The middle: How to overcome frustration and avoid burnout
                    ",https://www.newsday.co.zw/author/5330/tapiwa-gomo,"
                Understanding what needs to be done in order to attain success but somehow still not succeeding can be a tough blow.
              ",,
Opinion & Analysis,"
                     It’s not sabotage but poor economics!
                    ",https://www.newsday.co.zw/opinion-analysis/article/200026546/world-press-freedom-in-the-face-of-green-propaganda-onslaught,"
                Businesses and State institutions similarly had to shut down their vending systems in order to reconfigure them to recognise the local currency.
              ",,
Sport,"
                     Cosafa honour Chidzambga, Tangawarima
                    ",https://www.newsday.co.zw/sport/article/200026734/cosafa-honour-chidzambga-tangawarima,"
                Sunday Chidzambga has been awarded for his extraordinary success in the COSAFA Cup
              ",,
Sport,"
                     Raza yearns to rediscover form
                    ",https://www.newsday.co.zw/author/5371/sports-reporter,"
                Raza, the mercurial Chevrons skipper who made it into the ICC Men's global T20I squad for 2023, reflected on his performance
              ",,
Sport,"
                     Mohadi shamed by stadia ban
                    ",https://www.newsday.co.zw/sport/article/200026663/raza-yearns-to-rediscover-form,"
                Mohadi came face to face to with the level of decay of the local sporting facilities when he toured the National Sports Stadium, Magamba Hockey Stadium and Rufaro Stadium
              ",,
Sport,"
                     Kaindu prays for goals
                    ",https://www.newsday.co.zw/author/6351/austin-karonga,"
                He struggled in the 2-0 victory over Caps United in which defender Andrew Mbeba and midfielder Mckinnon Mushore scored.
              ",,
Sport,"
                     All eyes on local golfers
                    ",https://www.newsday.co.zw/sport/article/200026666/mohadi-shamed-by-stadia-ban,"
                The event launched on Sunday with a pre-qualifier event saw ProAm competition being held in the past two days as a precursor to the main Championship.
              ",,
Sport,"
                     Zim fights for ranking points
                    ",https://www.newsday.co.zw/author/5294/henry-mhara,"
                The Chevrons, buoyed by some impressive bowling display from pace bowler Blessing Muzarabani, came close to revive the series on Tuesday in the third T20I match.
              ",,
Sport,"
                     PSL comes down hard on Caps, Chitembwe
                    ",https://www.newsday.co.zw/sport/article/200026665/kaindu-prays-for-goals,"
                FC Platinum, who were leading the match 1-0 when the match was called off due to crowd trouble, have been handed the game on a 3-0 forfeiture scoreline.
              ",,
Sport,"
                     PSL imposes fine on Caps, Chitembwe
                    ",https://www.newsday.co.zw/author/5216/fortune-mbele,"
                FC Platinum, who were leading 1-0 when the match was abandoned
              ",,
Sport,"
                     Chinhoi oozes confidence ahead of Zim Open
                    ",https://www.newsday.co.zw/sport/article/200026650/all-eyes-on-local-golfers,"
                Chinhoi bagged the biggest win of his career in May last year when he won the Sunshine Tour-sanctioned Zanaco Masters in Zambia.
              ",,
Sport,"
                     Matsikenyeri demands better from batters
                    ",https://www.newsday.co.zw/author/5238/munyaradzi-madzokere,"
                Zimbabwe will play two more T20I matches against Bangladesh after today.
              ",,
Sport,"
                     Pressure eases on Chiragwi
                    ",https://www.newsday.co.zw/sport/article/200026649/zim-fights-for-ranking-points,"
                Chiragwi is demanding his defence, which was the team’s pillar of strength last season, to pull up their socks.
              ",,
Sport,"
                     Vincent duo ready for Zim Open
                    ",https://www.newsday.co.zw/author/6351/austin-karonga,"
                Their arrival is a major boost for the country’s premier golf tournament which is set to run from May 9 to 12 at the 126-year-old golf facility in Harare.
              ",,
Sport,"
                     Where there’s William, there’s a way
                    ",https://www.newsday.co.zw/sport/article/200026648/psl-comes-down-hard-on-caps-chitembwe,"
                That proved to be the only meaningful chance in the uneventful second half.
              ",,
Sport,"
                     Arenel frustrate Bosso
                    ",https://www.newsday.co.zw/author/5294/henry-mhara,"
                Highlanders coach Kelvin Kaindu said the draw felt like a defeat.
              ",,
Sport,"
                     Brito wants Warriors job
                    ",https://www.newsday.co.zw/sport/article/200026626/psl-imposes-fine-on-caps-chitembwe,"
                An impeccable source within the leadership of local football confirmed that the former Warriors and Highlanders’ gaffer had applied for the job.
              ",,
Sport,"
                     Bosso wary of Arenel, GameCocks host DeMbare
                    ",https://www.newsday.co.zw/author/5371/sports-reporter,"
                Coach Joey Antipas is hoping for the best against Dynamos and bouncing back to winning ways.
              ",,
Sport,"
                     Zifa take Warriors to Joburg
                    ",https://www.newsday.co.zw/sport/article/200026609/chinhoi-oozes-confidence-ahead-of-zim-open,"
                Four days later, Zimbabwe will face off with South Africa in an away match which has been scheduled for the Free State Stadium in Bloemfontein.
              ",,
Sport,"
                     Bosso won’t have it easy: Arenel
                    ",https://www.newsday.co.zw/author/5238/munyaradzi-madzokere,"
                Arenel lost their last two matches to Manica Diamonds and Green Fuel and sit on position 16 on the log table with eight points from one win and five draws.
              ",,
Sport,"
                     Lack of incentives sniffles Young Sables
                    ",https://www.newsday.co.zw/sport/article/200026565/matsikenyeri-demands-better-from-batters,"
                Young Sables head coach Shaun de Souza, who missed out on a third straight Barthes Trophy victory, pointed out the lack of incentives as a major draw back.
              ",,
Sport,"
                     Dynamos miss key trio
                    ",https://www.newsday.co.zw/author/6351/austin-karonga,"
                There is also disappointment for Makarati who is back on the sidelines after he recently recovered from an injury that kept him out of action for the first five matches of the season.
              ",,
Sport,"
                     End of the road for Lady Chevrons
                    ",https://www.newsday.co.zw/sport/article/200026571/pressure-eases-on-chiragwi,"
                Zimbabwe got off to the worst possible start during their chase, losing three wickets for 30 runs in the powerplay.
              ",,
Sport,"
                     Academy’s Porto deal to help Zim players
                    ",https://www.newsday.co.zw/author/5294/henry-mhara,"
                At least 150 kids from Harare and other surrounding areas have to date enrolled at the academy that trains children, both boys and girls under the age of 20.
              ",,
Sport,"
                     Zim runner eyes victory in Turkey race
                    ",https://www.newsday.co.zw/sport/article/200026570/vincent-duo-ready-for-zim-open,"
                Apart from the Izmir 21km marathon set for August, Mabika is also targeting to compete in two more races in Abu Dhabi before year end.
              ",,
Sport,"
                     Prince Dube’s transfer saga rages on
                    ",https://www.newsday.co.zw/author/5238/munyaradzi-madzokere,"
                Reports from Tanzania yesterday suggested the cash-rich club had bought a luxury house for Dube in Salasala, a few kilometres from the Indian Ocean beach as part of the deal.
              ",,
Sport,"
                     Another stern test for Mangombe
                    ",https://www.newsday.co.zw/sport/article/200026553/where-theres-william-theres-a-way,"
                Dynamos defeated TelOne in Mangombe’s next assignment and his game against Chegutu Pirates was abandoned with the Glamour Boys leading 1-0
              ",,
Sport,"
                     D-Day for the Lady Chevrons
                    ",https://www.newsday.co.zw/author/5294/henry-mhara,"
                After investing immensely in these qualifiers going as far as India, the Lady Chevrons' dream came under threat following an uncharacteristic six-wicket
              ",,
Life & Style,"
                     Multi-media expos to improve Zim’s broadcasting sector
                    ",https://www.newsday.co.zw/life-amp-style/article/200026630/multi-media-expos-to-improve-zims-broadcasting-sector,"
                Nleya mentioned that it is not advisable to enter an oversubscribed sector, but one should start something new and make a difference to help to develop the country.
              ",,
Life & Style,"
                     MaBlerh back to host The Real Housewives of Durban reunion
                    ",https://www.newsday.co.zw/author/6308/sharon-zebra,"
                The confrontations resulted in the ladies splitting into two core groups. On the one side were Sorisha Naidoo, Slee Ndlovu and newcomers Ameigh Thompson and Angel Ndlela.
              ",,
Life & Style,"
                     Gemma Griffiths pays tribute to Bob Nyabinde
                    ",https://www.newsday.co.zw/life-amp-style/article/200026631/mablerh-back-to-host-the-real-housewives-of-durban-reunion,"
                In a social media post prior to the release of the project, the musician expressed heartfelt appreciation to the late icon for his inspiration and guidance.
              ",,
Life & Style,"
                     Hearing-impaired having it rough in healthcare
                    ",https://www.newsday.co.zw/author/5405/life-style-reporter,"
                Dance projects manager Tsungirirai Tsikira said rigorous efforts must be made to deal with the challenges facing the hearing impaired community.
              ",,
Life & Style,"
                     Mono Mukundu lauds Mokoomba
                    ",https://www.newsday.co.zw/life-amp-style/article/200026598/gemma-griffiths-pays-tribute-to-bob-nyabinde,"
                In February, the group headlined the Marrabenta Festival in Marracuene, Mozambique alongside musician Morena Leraba from Lesotho.
              ",,
Life & Style,"
                     ‘Drug abuse scourge also taking a toll on women’
                    ",https://www.newsday.co.zw/author/6308/sharon-zebra,"
                The report further noted that violence can negatively affect women’s physical, mental, sexual and reproductive health and may increase the risk of acquiring HIV in some settings.
              ",,
Life & Style,"
                     US fans inspire Freeman
                    ",https://www.newsday.co.zw/life-amp-style/article/200026596/hearing-impaired-having-it-rough-in-healthcare,"
                Other local artistes who performed in Dallas at the two-day festival on March 28 were Trevor Dongo, Tariro Gezi and Julian King.
              ",,
Life & Style,"
                     Queens Sports Club in 'good' state after Byo Shutdown: Management
                    ",https://www.newsday.co.zw/author/5326/patricia-sibanda,"
                South African superstars Kwesta, Murumba Pitch and Emtee, alongside local favourites Winky D, Enzo Ishall, Mzoe 7, and Killer T, also shared the stage with Winky D.
              ",,
Life & Style,"
                     Chibuku Neshamwari festival dates set
                    ",https://www.newsday.co.zw/life-amp-style/article/200026597/mono-mukundu-lauds-mokoomba,"
                To participate in the dance festival, groups should visit their nearest NACZ centre to sign up their respective groups.
              ",,
Life & Style,"
                     ‘Content piracy threatening millions of livelihoods’
                    ",https://www.newsday.co.zw/author/6308/sharon-zebra,"
                The workshop will also highlight the importance of public-private co-operation in the fight against piracy and safeguarding copyright.
              ",,
Life & Style,"
                     Exploring Bling 4's music themes
                    ",https://www.newsday.co.zw/life-amp-style/article/200026577/drug-abuse-scourge-also-taking-a-toll-on-women,"
                The musician has demonstrated consistency in the music industry, which has seen him performing at prestigious events alongside big names in the industry.
              ",,
Life & Style,"
                     Mlalazi acknowledges fans request for Manyowa collabo
                    ",https://www.newsday.co.zw/author/6308/sharon-zebra,"
                The song is a showcase of powerful vocals and rich lyrical prowess by Mlalazi and Manyowa while the visuals and cinematography depict great artistry.
              ",,
Life & Style,"
                     Model urges men to seek help when vulnerable
                    ",https://www.newsday.co.zw/life-amp-style/article/200026578/us-fans-inspire-freeman,"
                Social media advertising being pushed by the fashion world has fostered inclusivity.
              ",,
Life & Style,"
                     ZAOGA preserves Guti’s legacy
                    ",https://www.newsday.co.zw/author/5350/albert-masaka,"
                Archbishop Guti was born on May 5 1923 and he died on July 5, 2023, at the age of 100.
              ",,
Life & Style,"
                     Flying Bantu aims to attain regional appeal
                    ",https://www.newsday.co.zw/life-amp-style/article/200026586/queens-sports-club-in-good-state-after-byo-shutdown-management,"
                The band has Amkela Moyo (guitar), Bongani Moyo (bass), Joshua Alufasi (keys) and Sam Gulubane (drums).
              ",,
Life & Style,"
                     Stellar performances mark local edition of International Jazz Day
                    ",https://www.newsday.co.zw/author/5290/staff-reporter,"
                Other talented musicians on the bill included Prudence Katomeni, Rute Mbangwa, Nicholar Mutuwa, Mono Mukundu and Victor Kunonga.
              ",,
Life & Style,"
                     Gurira amplifies voices of vulnerable women
                    ",https://www.newsday.co.zw/life-amp-style/article/200026544/chibuku-neshamwari-festival-dates-set,"
                Gurira urged the UN Security Council and member States to acknowledge women, survivors and to specifically shine a light on people of Africa in particular, to fight impunity.
              ",,
Life & Style,"
                     Nyanga: A tale of courage, conservation amid adversity
                    ",https://www.newsday.co.zw/author/6308/sharon-zebra,"
                Produced by Talent Chitauro and written by Ndhlovu, Nyanga is a work of love that celebrates the rich cultural heritage and natural beauty of Zimbabwe.
              ",,
Life & Style,"
                     Kumbekumbe Street Café lives up to its billing
                    ",https://www.newsday.co.zw/life-amp-style/article/200026543/content-piracy-threatening-millions-of-livelihoods,"
                “This Street Café has helped us to bring together people through a creative process which involves usage of the arts,” Chikore said.
              ",,
Life & Style,"
                     Anibal’s pre-album launch set for sharing experiences
                    ",https://www.newsday.co.zw/author/5349/style-reporter,"
                Anibal told NewsDay Life & Style that she highly rates Masa which became her second international tour this year after a well-received performance at the Sauti zaBusara in February.
              ",,
Life & Style,"
                     All set for International Jazz Day celebrations
                    ",https://www.newsday.co.zw/life-amp-style/article/200026447/exploring-bling-4s-music-themes,"
                The concert, which starts at 6pm, has been dubbed: A Century of Jazz.
              ",,
Life & Style,"
                     Zimdancehall artiste Mbida D in court for fraud
                    ",https://www.newsday.co.zw/author/6308/sharon-zebra,"
                Madondo allegedly failed to show up on the agreed date, and became evasive.
              ",,
Life & Style,"
                     Brian Nhanhanga headlines Manicaland Jazz Fest
                    ",https://www.newsday.co.zw/life-amp-style/article/200026362/mlalazi-acknowledges-fans-request-for-manyowa-collabo,"
                The festival is the brainchild of NACZ.
              ",,
Life & Style,"
                     Fashion show takes centre stage at Wedding Expo
                    ",https://www.newsday.co.zw/author/5405/life-style-reporter,"
                The two-day event, which was held on Friday and Saturday after a four-year hiatus  targeted wedding providers to showcase their products and services
              ",,
Life & Style,"
                     Modeling offers platform to lead by example
                    ",https://www.newsday.co.zw/life-amp-style/article/200026363/model-urges-men-to-seek-help-when-vulnerable,"
                The crowned queen will represent the country at the 73rd Miss Universe competition in Mexico in November.
              ",,
Life & Style,"
                     Celebrate, preserve culture for future generations: Ndinde
                    ",https://www.newsday.co.zw/author/6308/sharon-zebra,"
                People are encouraged to adorn public places with their respective cultural artefacts and attire or contemporary fashion influenced by indigenous designs during Culture Month.
              ",,
Business,,,The VFEX said  trading  in BNC shares was suspended with effect from Friday.,Tatira Zwinoira,By
Business,,,,Blessed Ndlovu,By
Business,,,,Tafadzwa Mhlanga,By
Business,,,"Yes, that why many of us have a phobia when it comes to this area from a household to national level.",Farai Chigora,By
Business,,,The EU brought six member states to participate at this year’s trade showcase.,Mthandazo Nyoni,By
Business,,,"Take, for instance, the illustrious case of China, where asset management juggernauts have embraced real estate investment as the fulcrum of their investment strategies.",Bekithemba Mpofu,By
Business,,,"Specifically, he said alignment was needed between the factor and the central bank before engaging in the transaction.",Belinda Chiroodza,By
Business,,,The proposed legislation seeks to establish a system where mining information would be captured in real time.,Blessed Ndlovu,By
Business,,,Reserve Bank of Zimbabwe governor John Mushayavanhu says the ZiG will gain more acceptance with time and this will reduce demand for US dollars.,Tafadzwa Mhlanga,By
Business,,,"Mutogo said by embracing sustainable banking practices, banks can contribute to the country’s sustainable economic growth while addressing the urgent need for climate action.",Belinda Chiroodza,By
Business,,,"Zimbabwe has been exporting mineral fuels, iron and steel products and articles of paper, to Zambia while importing cereals, beverages and ceramic products from its neighbour.",Mthandazo Nyoni,By
Business,,,Proton Bakers chief operations officer Simba Bodzo spoke about the company’s plans for the year in a messaged response to Standardbusiness following a tour of the plant,Belinda Chiroodza,By
Business,,,"Days after the currency was introduced, black market dealers who hold big sums of United States dollar stocks, pegged it at US$1:ZiG18 against the official rate of US$1:ZiG13,56.",Freeman Makopa,By
Business,,,"Chihota gave thumbs up to the parent association, ZBCA, for coming up with such an initiative.",Staff Reporter,By
Business,,,"Zimbabwe Chamber of SMEs secretary general Valencio Kurauone said the money came from their members, mainly, the youth, widows, men, and women of Chiredzi.",Tafadzwa Mhlanga,By
Business,,,That is the same reason they are surprised when after establishing a sturdy brand the venture falls into financial distress.,Farai Chigora,By
Business,,,"As the Zimbabwe market adapts to the yet another currency, Zimbabwe Gold (ZiG), the RBZ has availed US$285 million to shore up the local currency.",Melody Chikono,By
Business,,,InnBucks has determined the functional currency as the United States dollar.,Tatira Zwinoira,By
Business,,,"Prosper Matondi, permanent secretary in the ministry of Environment, Climate and Wildlife, said the government had an array of radars that have been installed in about five locations.",Melody Chikono,By
Business,,,Enhancing transparency and fortifying data aggregation mechanisms assumes paramount importance in buttressing investor confidence and catalysing capital inflows into the real estate ambit.,Bekithemba Mpofu,By
Business,,,he surge of interest in forex trading within Tanzania has led to a proliferation of feature-rich mobile trading apps,The Standard,By
Business,,,Mushayavanhu also said the bank will continue to maintain a tight monetary policy stance to ensure sustainability of the monetary anchor to control excessive money printing,Mthandazo Nyoni,By
Business,,,"Ncube said the operators feel that there are too many taxes being applied, adding for every dollar earned, US$0,35 went towards taxes.",Melody Chikono,By
Business,,,AFDB chief economist and vice president for economic governance and knowledge management Kevin Urama said the best way to address debt was to grow the economy.,Melody Chikono,By
Business,,,"Bhoroma further stated that the regulator, Insurance and Pensions Commission, will now have a situation where the government is the lawmaker through Parliament.",Melody Chikono,By
Business,,,"The company, which was founded in 1987 has continued to demonstrate professionalism and commitment to excellence.",Takemore Mazuruse,By
Business,,,"However, the viability of ZiG hinges crucially on its embracement by both populace and enterprises.",Bekithemba Mpofu,By
Business,,,"As aforementioned, there is always a need to strike a balance between market demand and supply by our entrepreneurs.",Dr Farai Chigora,By
Business,,,"Mutsvangwa welcomed the progressive partnership, which started last year and urged stronger ties between the two partners towards wholesome women emancipation.",Own Correspondent,By
Obituaries,,,,,By The Standard
Obituaries,,,,,By The Standard
Obituaries,,,,,By The Standard
Obituaries,,,,,By The Standard
Obituaries,,,,,By The Standard
Obituaries,,,,,By The Standard
Obituaries,,,,,By The Standard
Obituaries,,,,,By The Standard
Obituaries,,,,,By The Standard
Obituaries,,,,,By The Standard
Obituaries,,,,,By The Standard
Obituaries,,,,,By The Standard
Obituaries,,,,,By The Standard
Obituaries,,,,,By The Standard
Obituaries,,,,,By The Standard
Obituaries,,,,,By The Standard
Obituaries,,,,,By The Standard
Obituaries,,,,,By The Standard
Obituaries,,,,,By The Standard
Obituaries,,,,,By The Standard
Obituaries,,,,,By The Standard
Obituaries,,,,,By The Standard
Obituaries,,,,,By The Standard
Obituaries,,,,,By The Standard
Obituaries,,,,,By The Standard
Obituaries,,,,,By The Standard
Obituaries,,,,,By The Standard
Obituaries,,,,,By The Standard
Obituaries,,,,,By The Standard
Sport,,,"This reporter interviewed some of the candidates and as expected, the majority remained coy except for Pan Jap who declared his interest.",Tafadzwa Chigandiwa,By
Sport,,,,Austin Karonga,By
Sport,,,,Munyaradzi Madzokere,By
Sport,,,Masiye is turning 60-years-old this month and is a key figure and very popular at the local and national levels in bodybuilding sports.,Courage Nyaya,By
Sport,,,"Coventry is well aware of this model which is spread all over the world and despite her travels and the availability of office space in Zimbabwe,",Michael Kariati,By
Sport,,,Dembare had the Gamecocks on the ropes for the better part of the game but their forwards chose to disappoint the sizeable crowd that witnessed the lackluster encounter.,Praise Dlakama,By
Sport,,,Chiefs coach Thulani Sibanda said his team were unlucky not to get a result in Mhondoro.,Henry Mhara,By
Sport,,,"Godknows Mukambi's early strike, assisted by a pinpoint cross from John Zhuwawu, proved to be the difference. Yadah's goalkeeper was left helpless as Mukambi converted the opportunity.",Sindiso Dube,By
Sport,,,Club founder Alois Tarehwa was delighted with the opportunity for his team to participate in the Homeless World Cup trials organised by YASD.,Munyaradzi Madzokere,By
Sport,,,FC Platinum last won on 1 April when they beat Herentals 1-0 in the capital.,Terry Madyauta,By
Sport,,,"He failed to judge a Patson Jaure long clearance from the back, with the ball bouncing in front of the keeper on to the post and Machope coolly converted the rebound.",Henry Mhara,By
Sport,,,Kuipers has even gone as far as deferring her final semester at Wingate University to try and make it for Paris this year.,Austin Karonga,By
Sport,,,The former Coventry City star was speaking on the sidelines of his visit to FC Porto Academy where he had been invited to interact and inspire budding .,Munyaradzi Madzokere,By
Sport,,,"Zimbabwe has been blessed with such coaches, who defy conventions, maestro of mischief, and a master of the unexpected. The late Gishon Ntini and Moses Chunga.",Austin Karonga,By
Sport,,,Kaindu is aware of the threat posed by  the Green Machine and is sure that the match will be exciting.,Fortune Mbele,By
Sport,,,"Standardsport is not at liberty to reveal who is vying for the Zifa presidency, but can safely reveal that the list reads like a who-is-who in Zimbabwean football.",Michael Kariati,By
Sport,,,"In an interview with The Sports Hub club secretary general Jemutias Manhondo chronicled the story of a project, which simply wanted to make a difference in the community.",Kenneth Nyangani,By
Sport,,,The event is set to run from May 5 to 12 with the main championship teeing off on May 9.,Munyaradzi Madzokere,By
Sport,,,Chicken Inn beat Highlanders and drew with them last year at BF.,Fortune Mbele,By
Sport,,,Bikita Minerals gaffer Saul Chaminuka was on cloud nine after his men showed character to avoid defeat.,Terry Madyauta,By
Sport,,,Arenel Movers made threats of their own especially with Zibusiso Dambo with the ball at his feet.,Obert Siamilandu,By
Sport,,,"Zimbabwe U20 rugby head coach Shaun De Souza was happy with collecting maximum points, adding that the team can only get better with each outing.",Austin Karonga,By
Sport,,,"The supremo commended the players' passion, which they exhibited whenever faced with difficult circumstances.",Austin Karonga,By
Sport,,,"Word was that the NC wanted Mapeza to continue as the Zimbabwe coach, but the developments over the past week could have sent those plans to the canvas.",Michael Kariati,By
Sport,,,The 30-year old told Standard Sport that he will be playing his last season.,Sports Reporter,By
Sport,,,This week Bunjira gives vital tips on weight loss.,Austin Karonga,By
Sport,,,Mwana Group has now taken over the sponsorship for the next five years.,Sports Reporter,By
Sport,,,Tug of war may not exactly attract such large crowds that are found in soccer grounds around the world though it was an Olympic sport between 1900 and 1920.,Tim Middleton,By
Sport,,,"Majoni early this year won a gold medal at the 21,1km OCC Outeniqua Wheelchair Challenge in George Town, South Africa.",Ronnie Chisamba,By
Standard People,,,"In conclusion, the urgency of the food crisis in Zimbabwe warrants immediate and increased investment in food aid distribution systems.",Gary Gerald Mtombeni,By
Standard People,,,,Doctor Stop It,By
Standard People,,,,The Standard,By
Standard People,,,The stage for politics and revolution is thus on materialism.,Ephraim Ndlovu,By
Standard People,,,"While this procedure is often life-saving for both mum and baby, C/sections come with unique challenges that can influence a woman’s mental well-being.",Dr Chido Rwafa-madzvamutse,By
Standard People,,,The media has a crucial role to play in bringing attention to the urgent need for action to address the environmental crisis.,Golden Maunganidze,By
Standard People,,,The energy of intense suffering is pushed out of consciousness simply so that life can be allowed to go on.,Tinashe Chikodzi,By
Standard People,,,Observer findings helped Zesn’s assessments in determining whether elections adhered to the set legal framework.,Amh Voices,By
Standard People,,,A kid who grows up seeing his or her father making a living from stealing stands a very high chance of becoming a thief.,Tawanda Majoni,By
Standard People,,,“I was in Murambinda last week at the Independence Celebrations,Onie Ndoro,By
Standard People,,,"At the epicentre of Zimbabwe’s financial ecosystem stands the Zimbabwe Stock Exchange (ZSE), serving as the fulcrum around which capital market dynamics revolve.",Bekithemba Mpofu,By
Standard People,,,"Nhiwatiwa’s message, though welcome, came at a time when United Methodism itself is at a crossroads.",Kenneth Mufuka,By
Standard People,,,"Collaborative efforts can help shape global climate policies, secure funding for climate initiatives, and foster a sense of shared responsibility among nations.",Gary Gerald Mtombeni,By
Standard People,,,He started with a chilling warning to illegal money changers at a Zanu PF campaign rally in Harare East last weekend where he threatened them with physical harm.,Doctor Stop It,By
Standard People,,,"Zimbabwe has experienced increased variability in precipitation, leading to more frequent and intense droughts followed by heavy rainfall events.",Gary Gerald Mtombeni,By
Standard People,,,"This came to light just before the global climate summit in Dubai, COP28, and supposedly showed how seriously the petrostate was taking the climate challenge.",Ian Scoones,By
Standard People,,,They were converting ZiG into US dollars at a higher rate than that proposed by the government.,Mlondolozi Ndlovu,By
Standard People,,,Pictures of Mnangagwa and President William Ruto of Kenya—who officially opened the expo—flanking Wicknell Chivayo went viral.,Tawanda Majoni,By
Standard People,,,Youth programme on elections and governance,Ronald  Zvendiya,By
Standard People,,,The incident at Eureka mine raises a pertinent issue about the Ministry of Mines and Mining Development’s capacity to enforce standards in mining operations.,The Standard,By
Standard People,,,"Biden’s policies at home and abroad, are nothing but disastrous to African Americans.",Kenneth Mufuka,By
Standard People,,,History is a painful reminder of losses incurred by economic agents over the years since the nation started currency revaluations in 2006.,Zimcodd,By
Standard People,,,The outbursts of Brother Chris Mutsvangwa conform to a pattern in Zanu PF where there is no intention of engaging opponents in debate.,Kenneth Mufuka,By
Standard People,,,Cyberbullying is a form of harassment and abuse perpetrated through digital technology.,Dr Chido Rwafa-madzvamutse,By
Standard People,,,The Reserve Bank of Zimbabwe’s decision to introduce the ZiG electronically before hard currency is available has sparked panic.,Institute For Security Studies,By
Standard People,,,This article gives a snap view of MINDS activities and events held in 2023 that transforms leadership landscape in Africa.,Ronald Zvendiya,By
Standard People,,,"Zimbabwe, like many emerging economies, faces multifaceted challenges in its housing sector.",Bekithemba Mpofu,By
Standard People,,,Some fail to run their start-ups up to corporate level because they skip a stage.,Farai Chigora,By
Standard People,,,The implications of medication resistance are far-reaching and multifaceted.,Gary Gerald Mtombeni,By
category,title,link,content,,
Business,,,The VFEX said  trading  in BNC shares was suspended with effect from Friday.,,
Business,,,,,
Business,,,,,
Business,,,"Yes, that why many of us have a phobia when it comes to this area from a household to national level.",,
Business,,,The EU brought six member states to participate at this year’s trade showcase.,,
Business,,,"Take, for instance, the illustrious case of China, where asset management juggernauts have embraced real estate investment as the fulcrum of their investment strategies.",,
Business,,,"Specifically, he said alignment was needed between the factor and the central bank before engaging in the transaction.",,
Business,,,The proposed legislation seeks to establish a system where mining information would be captured in real time.,,
Business,,,Reserve Bank of Zimbabwe governor John Mushayavanhu says the ZiG will gain more acceptance with time and this will reduce demand for US dollars.,,
Business,,,"Mutogo said by embracing sustainable banking practices, banks can contribute to the country’s sustainable economic growth while addressing the urgent need for climate action.",,
Business,,,"Zimbabwe has been exporting mineral fuels, iron and steel products and articles of paper, to Zambia while importing cereals, beverages and ceramic products from its neighbour.",,
Business,,,Proton Bakers chief operations officer Simba Bodzo spoke about the company’s plans for the year in a messaged response to Standardbusiness following a tour of the plant,,
Business,,,"Days after the currency was introduced, black market dealers who hold big sums of United States dollar stocks, pegged it at US$1:ZiG18 against the official rate of US$1:ZiG13,56.",,
Business,,,"Chihota gave thumbs up to the parent association, ZBCA, for coming up with such an initiative.",,
Business,,,"Zimbabwe Chamber of SMEs secretary general Valencio Kurauone said the money came from their members, mainly, the youth, widows, men, and women of Chiredzi.",,
Business,,,That is the same reason they are surprised when after establishing a sturdy brand the venture falls into financial distress.,,
Business,,,"As the Zimbabwe market adapts to the yet another currency, Zimbabwe Gold (ZiG), the RBZ has availed US$285 million to shore up the local currency.",,
Business,,,InnBucks has determined the functional currency as the United States dollar.,,
Business,,,"Prosper Matondi, permanent secretary in the ministry of Environment, Climate and Wildlife, said the government had an array of radars that have been installed in about five locations.",,
Business,,,Enhancing transparency and fortifying data aggregation mechanisms assumes paramount importance in buttressing investor confidence and catalysing capital inflows into the real estate ambit.,,
Business,,,he surge of interest in forex trading within Tanzania has led to a proliferation of feature-rich mobile trading apps,,
Business,,,Mushayavanhu also said the bank will continue to maintain a tight monetary policy stance to ensure sustainability of the monetary anchor to control excessive money printing,,
Business,,,"Ncube said the operators feel that there are too many taxes being applied, adding for every dollar earned, US$0,35 went towards taxes.",,
Business,,,AFDB chief economist and vice president for economic governance and knowledge management Kevin Urama said the best way to address debt was to grow the economy.,,
Business,,,"Bhoroma further stated that the regulator, Insurance and Pensions Commission, will now have a situation where the government is the lawmaker through Parliament.",,
Business,,,"The company, which was founded in 1987 has continued to demonstrate professionalism and commitment to excellence.",,
Business,,,"However, the viability of ZiG hinges crucially on its embracement by both populace and enterprises.",,
Business,,,"As aforementioned, there is always a need to strike a balance between market demand and supply by our entrepreneurs.",,
Business,,,"Mutsvangwa welcomed the progressive partnership, which started last year and urged stronger ties between the two partners towards wholesome women emancipation.",,
Obituaries,,,,,
Obituaries,,,,,
Obituaries,,,,,
Obituaries,,,,,
Obituaries,,,,,
Obituaries,,,,,
Obituaries,,,,,
Obituaries,,,,,
Obituaries,,,,,
Obituaries,,,,,
Obituaries,,,,,
Obituaries,,,,,
Obituaries,,,,,
Obituaries,,,,,
Obituaries,,,,,
Obituaries,,,,,
Obituaries,,,,,
Obituaries,,,,,
Obituaries,,,,,
Obituaries,,,,,
Obituaries,,,,,
Obituaries,,,,,
Obituaries,,,,,
Obituaries,,,,,
Obituaries,,,,,
Obituaries,,,,,
Obituaries,,,,,
Obituaries,,,,,
Obituaries,,,,,
Sport,,,"This reporter interviewed some of the candidates and as expected, the majority remained coy except for Pan Jap who declared his interest.",,
Sport,,,,,
Sport,,,,,
Sport,,,Masiye is turning 60-years-old this month and is a key figure and very popular at the local and national levels in bodybuilding sports.,,
Sport,,,"Coventry is well aware of this model which is spread all over the world and despite her travels and the availability of office space in Zimbabwe,",,
Sport,,,Dembare had the Gamecocks on the ropes for the better part of the game but their forwards chose to disappoint the sizeable crowd that witnessed the lackluster encounter.,,
Sport,,,Chiefs coach Thulani Sibanda said his team were unlucky not to get a result in Mhondoro.,,
Sport,,,"Godknows Mukambi's early strike, assisted by a pinpoint cross from John Zhuwawu, proved to be the difference. Yadah's goalkeeper was left helpless as Mukambi converted the opportunity.",,
Sport,,,Club founder Alois Tarehwa was delighted with the opportunity for his team to participate in the Homeless World Cup trials organised by YASD.,,
Sport,,,FC Platinum last won on 1 April when they beat Herentals 1-0 in the capital.,,
Sport,,,"He failed to judge a Patson Jaure long clearance from the back, with the ball bouncing in front of the keeper on to the post and Machope coolly converted the rebound.",,
Sport,,,Kuipers has even gone as far as deferring her final semester at Wingate University to try and make it for Paris this year.,,
Sport,,,The former Coventry City star was speaking on the sidelines of his visit to FC Porto Academy where he had been invited to interact and inspire budding .,,
Sport,,,"Zimbabwe has been blessed with such coaches, who defy conventions, maestro of mischief, and a master of the unexpected. The late Gishon Ntini and Moses Chunga.",,
Sport,,,Kaindu is aware of the threat posed by  the Green Machine and is sure that the match will be exciting.,,
Sport,,,"Standardsport is not at liberty to reveal who is vying for the Zifa presidency, but can safely reveal that the list reads like a who-is-who in Zimbabwean football.",,
Sport,,,"In an interview with The Sports Hub club secretary general Jemutias Manhondo chronicled the story of a project, which simply wanted to make a difference in the community.",,
Sport,,,The event is set to run from May 5 to 12 with the main championship teeing off on May 9.,,
Sport,,,Chicken Inn beat Highlanders and drew with them last year at BF.,,
Sport,,,Bikita Minerals gaffer Saul Chaminuka was on cloud nine after his men showed character to avoid defeat.,,
Sport,,,Arenel Movers made threats of their own especially with Zibusiso Dambo with the ball at his feet.,,
Sport,,,"Zimbabwe U20 rugby head coach Shaun De Souza was happy with collecting maximum points, adding that the team can only get better with each outing.",,
Sport,,,"The supremo commended the players' passion, which they exhibited whenever faced with difficult circumstances.",,
Sport,,,"Word was that the NC wanted Mapeza to continue as the Zimbabwe coach, but the developments over the past week could have sent those plans to the canvas.",,
Sport,,,The 30-year old told Standard Sport that he will be playing his last season.,,
Sport,,,This week Bunjira gives vital tips on weight loss.,,
Sport,,,Mwana Group has now taken over the sponsorship for the next five years.,,
Sport,,,Tug of war may not exactly attract such large crowds that are found in soccer grounds around the world though it was an Olympic sport between 1900 and 1920.,,
Sport,,,"Majoni early this year won a gold medal at the 21,1km OCC Outeniqua Wheelchair Challenge in George Town, South Africa.",,
Standard People,,,"In conclusion, the urgency of the food crisis in Zimbabwe warrants immediate and increased investment in food aid distribution systems.",,
Standard People,,,,,
Standard People,,,,,
Standard People,,,The stage for politics and revolution is thus on materialism.,,
Standard People,,,"While this procedure is often life-saving for both mum and baby, C/sections come with unique challenges that can influence a woman’s mental well-being.",,
Standard People,,,The media has a crucial role to play in bringing attention to the urgent need for action to address the environmental crisis.,,
Standard People,,,The energy of intense suffering is pushed out of consciousness simply so that life can be allowed to go on.,,
Standard People,,,Observer findings helped Zesn’s assessments in determining whether elections adhered to the set legal framework.,,
Standard People,,,A kid who grows up seeing his or her father making a living from stealing stands a very high chance of becoming a thief.,,
Standard People,,,“I was in Murambinda last week at the Independence Celebrations,,
Standard People,,,"At the epicentre of Zimbabwe’s financial ecosystem stands the Zimbabwe Stock Exchange (ZSE), serving as the fulcrum around which capital market dynamics revolve.",,
Standard People,,,"Nhiwatiwa’s message, though welcome, came at a time when United Methodism itself is at a crossroads.",,
Standard People,,,"Collaborative efforts can help shape global climate policies, secure funding for climate initiatives, and foster a sense of shared responsibility among nations.",,
Standard People,,,He started with a chilling warning to illegal money changers at a Zanu PF campaign rally in Harare East last weekend where he threatened them with physical harm.,,
Standard People,,,"Zimbabwe has experienced increased variability in precipitation, leading to more frequent and intense droughts followed by heavy rainfall events.",,
Standard People,,,"This came to light just before the global climate summit in Dubai, COP28, and supposedly showed how seriously the petrostate was taking the climate challenge.",,
Standard People,,,They were converting ZiG into US dollars at a higher rate than that proposed by the government.,,
Standard People,,,Pictures of Mnangagwa and President William Ruto of Kenya—who officially opened the expo—flanking Wicknell Chivayo went viral.,,
Standard People,,,Youth programme on elections and governance,,
Standard People,,,The incident at Eureka mine raises a pertinent issue about the Ministry of Mines and Mining Development’s capacity to enforce standards in mining operations.,,
Standard People,,,"Biden’s policies at home and abroad, are nothing but disastrous to African Americans.",,
Standard People,,,History is a painful reminder of losses incurred by economic agents over the years since the nation started currency revaluations in 2006.,,
Standard People,,,The outbursts of Brother Chris Mutsvangwa conform to a pattern in Zanu PF where there is no intention of engaging opponents in debate.,,
Standard People,,,Cyberbullying is a form of harassment and abuse perpetrated through digital technology.,,
Standard People,,,The Reserve Bank of Zimbabwe’s decision to introduce the ZiG electronically before hard currency is available has sparked panic.,,
Standard People,,,This article gives a snap view of MINDS activities and events held in 2023 that transforms leadership landscape in Africa.,,
Standard People,,,"Zimbabwe, like many emerging economies, faces multifaceted challenges in its housing sector.",,
Standard People,,,Some fail to run their start-ups up to corporate level because they skip a stage.,,
Standard People,,,The implications of medication resistance are far-reaching and multifaceted.,,
category,title,link,content,,
Business,,,The VFEX said  trading  in BNC shares was suspended with effect from Friday.,,
Business,,,The VFEX said  trading  in BNC shares was suspended with effect from Friday.,,
Obituaries,,,,,
Obituaries,,,,,
Sport,,,"This reporter interviewed some of the candidates and as expected, the majority remained coy except for Pan Jap who declared his interest.",,
Sport,,,"This reporter interviewed some of the candidates and as expected, the majority remained coy except for Pan Jap who declared his interest.",,
Standard People,,,"In conclusion, the urgency of the food crisis in Zimbabwe warrants immediate and increased investment in food aid distribution systems.",,
Standard People,,,"In conclusion, the urgency of the food crisis in Zimbabwe warrants immediate and increased investment in food aid distribution systems.",,
Sports,"
					Arsenal Edges Manchester United to Keep Premier League Title Race Alive				",https://www.thezimbabwemail.com/sports/arsenal-edges-manchester-united-to-keep-premier-league-title-race-alive/,"Manchester,— The Premier League title race is heading for a thrilling climax as Arsenal reclaimed ",,
Sports,"
					Lovro Zvonarek Scores Debut Bundesliga Goal as Bayern Munich Secures Victory				",https://www.thezimbabwemail.com/sports/lovro-zvonarek-scores-debut-bundesliga-goal-as-bayern-munich-secures-victory/,"Berlin,— Lovro Zvonarek made an electrifying Bundesliga debut on Sunday, scoring minutes into his first ",,
Sports,"
					Kylian Mbappé Receives Mixed Reception from Paris Saint-Germain Fans in Farewell Home Game				",https://www.thezimbabwemail.com/sports/kylian-mbappe-receives-mixed-reception-from-paris-saint-germain-fans-in-farewell-home-game/,"Paris,— Paris Saint-Germain’s star forward Kylian Mbappé experienced a bittersweet farewell from fans during his ",,
Sports,"
					Real Madrid Celebrates Spanish League Triumph in Festive Parade				",https://www.thezimbabwemail.com/sports/real-madrid-celebrates-spanish-league-title-with-fans-after-reaching-champions-league-final/,"Madrid,— Real Madrid, the Spanish football powerhouse, celebrated its 36th league title triumph in style ",,
Sports,"
					Kylian Mbappe Announces Departure from PSG, Speculation Mounts Over Real Madrid Move				",https://www.thezimbabwemail.com/sports/kylian-mbappe-announces-departure-from-psg-speculation-mounts-over-real-madrid-move/,"PARIS – In a heartfelt video message shared on social media platform X, French soccer ",,
Sports,"
					Vinicius Jr Impresses Manager Ancelotti Ahead of Potential Ballon d’Or Triumph				",https://www.thezimbabwemail.com/sports/vinicius-jr-impresses-manager-ancelotti-ahead-of-potential-ballon-dor-triumph/,MADRID – Real Madrid’s dynamic forward Vinicius Jr has captured the attention of fans and ,,
Sports,"
					Guardiola Praises Arsenal’s Title Challenge as Man City Gear Up for Fulham Clash				",https://www.thezimbabwemail.com/sports/guardiola-praises-arsenals-title-challenge-as-man-city-gear-up-for-fulham-clash/,MANCHESTER – Manchester City manager Pep Guardiola has drawn comparisons between Arsenal’s title challenge this ,,
Sports,"
					Erik ten Hag Acknowledges Impact of Injuries Amid Speculation Over Future				",https://www.thezimbabwemail.com/sports/erik-ten-hag-acknowledges-impact-of-injuries-amid-speculation-over-future/,"MANCHESTER – Manchester United’s manager, Erik ten Hag, addressed concerns about the club’s underwhelming season ",,
Sports,"
					National Sports Stadium Renovations Face Setbacks, No Clear Timeline Provided				",https://www.thezimbabwemail.com/sports/national-sports-stadium-renovations-face-setbacks-no-clear-timeline-provided/,HARARE – The optimism of having the National Sports Stadium ready for international football matches ,,
Sports,"
					Bayern Munich labelled sore losers making up stuff about match officials				",https://www.thezimbabwemail.com/sports/bayern-munich-labelled-sore-losers-making-up-stuff-about-match-officials/,MADRID -Bayern Munich defender Matthijs de Ligt revealed that the linesman apologized to him for ,,
Business,"
					Mangudya Sets Ambitious Goals for State-Owned Enterprises Under MIF				",https://www.thezimbabwemail.com/business/mangudya-sets-ambitious-goals-for-state-owned-enterprises-under-mif/,"HARARE – Zimbabwe’s state-owned enterprises (SOEs), John Mangudya, Chief Executive Officer of the MUTAPA Investment ",,
Business,"
					Businesses Urged to Shift Towards ZiG Payments as Tax Deadline Approaches				",https://www.thezimbabwemail.com/business/businesses-urged-to-shift-towards-zig-payments-as-tax-deadline-approaches/,"HARARE – As Zimbabwe prepares for its upcoming quarterly tax deadline, businesses face a significant ",,
Business,"
					Challenges Mount for Business Amid Forex Scarcity				",https://www.thezimbabwemail.com/business/challenges-mount-for-business-amid-forex-scarcity/,HARARE – Businesses in Zimbabwe are facing significant hurdles in securing foreign currency from banks ,,
Business,"
					London listed Ariana Resources Reports Significant Value Increase in Dokwe Project				",https://www.thezimbabwemail.com/business/london-listed-ariana-resources-reports-significant-value-increase-in-dokwe-project/,Ariana Resources PLC has announced a substantial increase in the value of its Dokwe project ,,
Business,"
					Wholesalers Embrace ZiG Currency, Streamlining Trade Across Production and Retail Chain				",https://www.thezimbabwemail.com/business/wholesalers-embrace-zig-currency-streamlining-trade-across-production-and-retail-chain/,"HARARE – In a significant development, wholesalers have seamlessly integrated their systems with the newly ",,
Business,"
					Iconic Meikles Hotel in Harare Renamed Hyatt Regency After Five-Year Acquisition				",https://www.thezimbabwemail.com/business/iconic-meikles-hotel-in-harare-renamed-hyatt-regency-after-five-year-acquisition/,"Harare – Zimbabwe’s renowned Meikles Hotel, a historic landmark in the heart of Harare, has ",,
Business,"
					PwC to Exit Zimbabwe as Deloitte’s Departure Sets Industry Precedent				",https://www.thezimbabwemail.com/business/pwc-to-exit-zimbabwe-as-deloittes-departure-sets-industry-precedent/,"HARARE – PriceWaterhouseCoopers (PwC), one of the globe’s leading accountancy firms, is slated to withdraw ",,
Business,"
					New Charter Airline Plans London-Harare Flights by June				",https://www.thezimbabwemail.com/business/new-charter-airline-plans-london-harare-flights-by-june/,"LONDON, UK – A UK-based virtual carrier, Fly Phoenix Direct Limited, is set to inaugurate ",,
Business,"
					RBZ Governor Threatens Supermarkets with Licence Revocation Over Exchange Rate Violations				",https://www.thezimbabwemail.com/business/rbz-governor-threatens-supermarkets-with-licence-revocation-over-exchange-rate-violations/,HARARE – Reserve Bank of Zimbabwe (RBZ) Governor John Mushayavhanu has issued a stern warning ,,
Business,"
					Zimbabwean Businesses Encouraged to Seize Opportunities in Iran’s Economic Diplomatic Offensive				",https://www.thezimbabwemail.com/business/zimbabwean-businesses-encouraged-to-seize-opportunities-in-irans-economic-diplomatic-offensive/,"Zimbabwe’s Ambassador to Iran, Bright Kupemba, has urged Zimbabwean businesses to capitalize on the opportunities ",,
Politics,"
					Zanu PF’s Bid to Extend Mnangagwa’s Presidency Sparks Concerns				",https://www.thezimbabwemail.com/main/zanu-pfs-bid-to-extend-mnangagwas-presidency-sparks-concerns/,HARARE – Recent remarks by President Emmerson Mnangagwa suggesting a desire to “rule forever” have ,,
Politics,"
					Mutsvangwa Accuses Chiwenga For His Son’s Arrest				",https://www.thezimbabwemail.com/politics/mutsvangwa-accuses-chiwenga-for-his-sons-arrest/,"Harare,— In an unprecedented move, Zanu PF spokesman Chris Mutsvangwa launched a scathing attack on ",,
Politics,"
					Ramaphosa Defends ANC’s Invitation to ZANU PF Amid Opposition Backlash				",https://www.thezimbabwemail.com/main/ramaphosa-defends-ancs-invitation-to-zanu-pf-amid-opposition-backlash/,JOAHHENSBURG – South African President Cyril Ramaphosa has brushed off criticism from opposition parties regarding ,,
Politics,"
					South African opposition in panic mode over Zanu PF-ANC team work				",https://www.thezimbabwemail.com/politics/south-african-opposition-in-panic-mode-over-zanu-pf-assisting-anc/,"JOHANNESBURG – South Africa’s official opposition, the Democratic Alliance (DA), has leveled accusations against the ",,
Politics,"
					Mnangagwa Appoints Commission to Probe Harare City Council				",https://www.thezimbabwemail.com/main/mnangagwa-appoints-commission-to-probe-harare-city-council/,HARARE – President Emmerson Mnangagwa has taken a decisive step in addressing governance concerns within ,,
Politics,"
					SADC Engages Chamisa to Resolve Zimbabwe’s Electoral Dispute				",https://www.thezimbabwemail.com/main/sadc-engages-chamisa-to-resolve-zimbabwes-electoral-dispute/,HARARE – Engagements are currently underway between the Southern African Development Community (Sadc) and embattled ,,
Politics,"
					ANC looks to Zanu PF’s legendary survival instincts				",https://www.thezimbabwemail.com/politics/anc-looks-to-zanu-pfs-survival-instincts/,"Zimbabwe’s ruling Zanu PF party has reportedly received an invitation from its ally, the African ",,
Politics,"
					ZBC Appoints Zanu PF Youth Leader as Acting CEO Amid Controversy				",https://www.thezimbabwemail.com/politics/zbc-appoints-zanu-pf-youth-leader-as-acting-ceo-amid-controversy/,Harare – The Zimbabwe Broadcasting Corporation (ZBC) has stirred controversy with its recent appointment of ,,
Politics,"
					ZANU PF wades into Zimbabwe Gold Currency (ZiG)				",https://www.thezimbabwemail.com/politics/zanu-pf-wades-into-zimbabwe-gold-currency-zig/,HARARE — ZANU PF’s Harare Province has voiced its support for the introduction of the ,,
Politics,"
					Job Sikhala to speak at UN Summit				",https://www.thezimbabwemail.com/politics/job-sikhala-to-speak-at-un-summit/,"GENEVA – Job Sikhala, a prominent opposition figure and former Member of Parliament from Chitungwiza, ",,
Entertainment,"
					Sean “Diddy” Combs Seeks Dismissal of Rape Lawsuit, Denounces Allegations as False				",https://www.thezimbabwemail.com/entertainment/sean-diddy-combs-seeks-dismissal-of-rape-lawsuit-denounces-allegations-as-false/,NEW YORK – Sean “Diddy” Combs has made a legal move to dismiss a lawsuit ,,
Entertainment,"
					Drake vs Kendrick Lamar: The explosive rap battle that has shook the hip-hop world				",https://www.thezimbabwemail.com/entertainment/drake-vs-kendrick-lamar-the-explosive-rap-battle-that-has-shook-the-hip-hop-world/,"THE longstanding feud between hip-hop heavyweights Drake and Kendrick Lamar has ignited once again, marking ",,
Entertainment,"
					Justin and Hailey Bieber Expecting First Child and Renew Vows				",https://www.thezimbabwemail.com/entertainment/justin-and-hailey-bieber-expecting-first-child-and-renew-vows/,NEW YORK — The anticipation is as high as the notes in his 2010 chart-topper ,,
Entertainment,"
					Janet Jackson’s Career Journey to Be Immortalized in New Comic Book Release				",https://www.thezimbabwemail.com/entertainment/janet-jacksons-career-journey-to-be-immortalized-in-new-comic-book-release/,"LOS ANGELES,- TidalWave Comics is set to launch a captivating new comic book that promises ",,
Entertainment,"
					Drake Denies Allegations of Underage Relationships and Secret Love Child Amidst Feud with Kendrick Lamar				",https://www.thezimbabwemail.com/entertainment/drake-denies-allegations-of-underage-relationships-and-secret-love-child-amidst-feud-with-kendrick-lamar/,TORONTO — The ongoing feud between Drake and Kendrick Lamar has taken a controversial turn ,,
Entertainment,"
					Security Guard Injured in Shooting Incident at Drake’s Toronto Mansion				",https://www.thezimbabwemail.com/entertainment/security-guard-injured-in-shooting-incident-at-drakes-toronto-mansion/,"Toronto, Canada – A shooting incident occurred at Canadian rapper Drake’s mansion in Toronto in ",,
Entertainment,"
					Madonna attracts 1.6 million to free concert at Brazil’s Copacabana beach				",https://www.thezimbabwemail.com/entertainment/madonna-attracts-1-6-million-to-free-concert-at-brazils-copacabana-beach/,"RIO DE JANEIRO,- More than a million people thronged Brazil’s Copacabana beach for a free ",,
Entertainment,"
					Mary J. Blige enlists Taraji P. Henson, Tiffany Haddish and more for women’s summit in New York				",https://www.thezimbabwemail.com/entertainment/mary-j-blige-enlists-taraji-p-henson-tiffany-haddish-and-more-for-womens-summit-in-new-york/,LOS ANGELES — Mary J. Blige is bringing her mission to empower women beyond her ,,
Entertainment,"
					The Rolling Stones show no signs of slowing down as they begin their latest tour				",https://www.thezimbabwemail.com/entertainment/the-rolling-stones-show-no-signs-of-slowing-down-as-they-begin-their-latest-tour/,HOUSTON — Time marches on and all good things must come to an end. But ,,
Entertainment,"
					Chicago appeals court rejects R. Kelly ‘s challenge of 20-year sentence				",https://www.thezimbabwemail.com/entertainment/chicago-appeals-court-rejects-r-kelly-s-challenge-of-20-year-sentence/,CHICAGO — The singer R. Kelly was correctly sentenced to 20 years in prison on ,,
